{"RMSE_loss": {"train": 0.19394184774048787, "validation": 0.1125194569160204, "test": 0.1039820231666832}, "R_squared": {"train": 0.9491898417472839, "validation": 0.9491970539093018, "test": 0.9492180943489075}, "training_duration": 5.853917598724365}