{"Test RSME: ": 71.18187021107816, "Validation RSME: ": 99.97775047406587}