{"Test RSME: ": 68.66862689965103, "Validation RSME: ": 121.77205882852132}