{"Test RSME: ": 75.27722026368025, "Validation RSME: ": 105.45833946120554}