{"RMSE_loss": {"train": 0.7542859243094887, "validation": 1.2258568939150813, "test": 1.5421449417688793}, "R_squared": {"train": 0.6949893236160278, "validation": 0.695019543170929, "test": 0.6953123807907104}, "training_duration": 3.02968168258667}