{"RMSE_loss": {"train": 0.06075364998239926, "validation": 0.04584268978826292, "test": 0.04768029284589093}, "R_squared": {"train": 0.8616312742233276, "validation": 0.8616509437561035, "test": 0.8618888854980469}, "training_duration": 5.312804222106934}