{"Test RSME: ": 61.021167276613085, "Validation RSME: ": 108.84567671800428}