{"RMSE_loss": {"train": 0.16045822773006804, "validation": 0.22740673752586082, "test": 0.2635990466098447}, "R_squared": {"train": 0.8731776475906372, "validation": 0.8731956481933594, "test": 0.8732680082321167}, "training_duration": 5.571001052856445}