{"RMSE_loss": {"train": 8.660760578823949, "validation": 9.24198153629865, "test": 9.017121876656462}, "R_squared": {"train": 0.47158873081207275, "validation": 0.4716402292251587, "test": 0.47309160232543945}, "training_duration": 3.0528066158294678}